feature_names,importance
volume_imbalance_mean_300,365.0
wap_mean_300,466.8
wap_mean,504.8
total_volume_mean_300,547.0
bid_spread_mean,578.6
volume_imbalance_mean,646.4
trade_size_sum_300,662.0
stock_id,733.4
total_volume_mean,767.8
ask_spread_mean,810.4
bid_spread_mean_300,895.8
ask_spread_mean_300,928.8
wap_balance_mean_300,980.8
trade_size_sum,1032.0
trade_order_count_mean_300,1167.4
wap_balance_mean,1201.2
log_return2_realized_volatility,1358.0
trade_log_return_realized_volatility,1451.2
trade_log_return_realized_volatility_300,1556.2
log_return2_realized_volatility_300,1635.0
trade_order_count_mean,1669.8
price_spread_mean_300,2005.6
trade_seconds_in_bucket_count_unique,2109.8
trade_seconds_in_bucket_count_unique_300,2270.0
price_spread_mean,2632.0
log_return_realized_volatility,2749.6
stock_id_target_enc,2934.2
log_return_realized_volatility_300,3200.4
